href,title
/Movie Scripts/A Few Good Men Script.html,A Few Good Men Script
/Movie Scripts/A Most Violent Year Script.html,A Most Violent Year Script
/Movie Scripts/A Prayer Before Dawn Script.html,A Prayer Before Dawn Script
/Movie Scripts/A Quiet Place Script.html,A Quiet Place Script
/Movie Scripts/A Scanner Darkly Script.html,A Scanner Darkly Script
/Movie Scripts/A Serious Man Script.html,A Serious Man Script
/Movie Scripts/A.I. Script.html,A.I. Script
/Movie Scripts/Above the Law Script.html,Above the Law Script
/Movie Scripts/Absolute Power Script.html,Absolute Power Script
"/Movie Scripts/Abyss, The Script.html","Abyss, The Script"
/Movie Scripts/Ace Ventura: Pet Detective Script.html,Ace Ventura: Pet Detective Script
/Movie Scripts/Adaptation Script.html,Adaptation Script
"/Movie Scripts/Addams Family, The Script.html","Addams Family, The Script"
"/Movie Scripts/Adjustment Bureau, The Script.html","Adjustment Bureau, The Script"
"/Movie Scripts/Adventures of Buckaroo Banzai Across the Eighth Dimension, The Script.html","Adventures of Buckaroo Banzai Across the Eighth Dimension, The Script"
/Movie Scripts/Affliction Script.html,Affliction Script
/Movie Scripts/After School Special Script.html,After School Special Script
/Movie Scripts/After.Life Script.html,After.Life Script
/Movie Scripts/Agnes of God Script.html,Agnes of God Script
/Movie Scripts/Air Force One Script.html,Air Force One Script
/Movie Scripts/Airplane Script.html,Airplane Script
/Movie Scripts/Airplane 2: The Sequel Script.html,Airplane 2: The Sequel Script
/Movie Scripts/Aladdin Script.html,Aladdin Script
/Movie Scripts/Ali Script.html,Ali Script
/Movie Scripts/Alien Script.html,Alien Script
/Movie Scripts/Alien 3 Script.html,Alien 3 Script
/Movie Scripts/Alien Nation Script.html,Alien Nation Script
/Movie Scripts/Alien vs. Predator Script.html,Alien vs. Predator Script
/Movie Scripts/Alien: Resurrection Script.html,Alien: Resurrection Script
/Movie Scripts/Aliens Script.html,Aliens Script
/Movie Scripts/All About Eve Script.html,All About Eve Script
/Movie Scripts/All About Steve Script.html,All About Steve Script
/Movie Scripts/All the King's Men Script.html,All the King's Men Script
/Movie Scripts/All the President's Men Script.html,All the President's Men Script
/Movie Scripts/Almost Famous Script.html,Almost Famous Script
/Movie Scripts/Alone in the Dark Script.html,Alone in the Dark Script
/Movie Scripts/Amadeus Script.html,Amadeus Script
/Movie Scripts/Amelia Script.html,Amelia Script
/Movie Scripts/American Beauty Script.html,American Beauty Script
/Movie Scripts/American Gangster Script.html,American Gangster Script
/Movie Scripts/American Graffiti Script.html,American Graffiti Script
/Movie Scripts/American History X Script.html,American History X Script
/Movie Scripts/American Hustle Script.html,American Hustle Script
/Movie Scripts/American Madness Script.html,American Madness Script
/Movie Scripts/American Milkshake Script.html,American Milkshake Script
/Movie Scripts/American Outlaws Script.html,American Outlaws Script
/Movie Scripts/American Pie Script.html,American Pie Script
"/Movie Scripts/American President, The Script.html","American President, The Script"
/Movie Scripts/American Psycho Script.html,American Psycho Script
/Movie Scripts/American Shaolin: King of Kickboxers II Script.html,American Shaolin: King of Kickboxers II Script
/Movie Scripts/American Sniper Script.html,American Sniper Script
/Movie Scripts/American Splendor Script.html,American Splendor Script
/Movie Scripts/American Werewolf in London Script.html,American Werewolf in London Script
"/Movie Scripts/American, The Script.html","American, The Script"
"/Movie Scripts/Amityville Asylum, The Script.html","Amityville Asylum, The Script"
/Movie Scripts/Amour Script.html,Amour Script
/Movie Scripts/An Education Script.html,An Education Script
/Movie Scripts/Analyze That Script.html,Analyze That Script
/Movie Scripts/Analyze This Script.html,Analyze This Script
/Movie Scripts/Anastasia Script.html,Anastasia Script
/Movie Scripts/Angel Eyes Script.html,Angel Eyes Script
/Movie Scripts/Angels %2526 Demons Script.html,Angels & Demons Script
/Movie Scripts/Anna Karenina Script.html,Anna Karenina Script
/Movie Scripts/Annie Hall Script.html,Annie Hall Script
"/Movie Scripts/Anniversary Party, The Script.html","Anniversary Party, The Script"
/Movie Scripts/Anonymous Script.html,Anonymous Script
/Movie Scripts/Antitrust Script.html,Antitrust Script
/Movie Scripts/Antz Script.html,Antz Script
"/Movie Scripts/Apartment, The Script.html","Apartment, The Script"
/Movie Scripts/Apocalypse Now Script.html,Apocalypse Now Script
/Movie Scripts/Apollo 13 Script.html,Apollo 13 Script
/Movie Scripts/April Fool's Day Script.html,April Fool's Day Script
/Movie Scripts/Apt Pupil Script.html,Apt Pupil Script
/Movie Scripts/Arbitrage Script.html,Arbitrage Script
/Movie Scripts/Arcade Script.html,Arcade Script
/Movie Scripts/Arctic Blue Script.html,Arctic Blue Script
/Movie Scripts/Argo Script.html,Argo Script
/Movie Scripts/Armageddon Script.html,Armageddon Script
/Movie Scripts/Army of Darkness Script.html,Army of Darkness Script
/Movie Scripts/Arsenic and Old Lace Script.html,Arsenic and Old Lace Script
/Movie Scripts/Arthur Script.html,Arthur Script
"/Movie Scripts/Artist, The Script.html","Artist, The Script"
/Movie Scripts/As Good As It Gets Script.html,As Good As It Gets Script
/Movie Scripts/Assassins Script.html,Assassins Script
"/Movie Scripts/Assignment, The Script.html","Assignment, The Script"
/Movie Scripts/At First Sight Script.html,At First Sight Script
/Movie Scripts/August: Osage County Script.html,August: Osage County Script
/Movie Scripts/Austin Powers - International Man of Mystery Script.html,Austin Powers - International Man of Mystery Script
/Movie Scripts/Austin Powers - The Spy Who Shagged Me Script.html,Austin Powers - The Spy Who Shagged Me Script
/Movie Scripts/Authors Anonymous Script.html,Authors Anonymous Script
/Movie Scripts/Autumn in New York Script.html,Autumn in New York Script
/Movie Scripts/Avatar Script.html,Avatar Script
"/Movie Scripts/Avengers, The Script.html","Avengers, The Script"
"/Movie Scripts/Avengers, The (2012) Script.html","Avengers, The (2012) Script"
"/Movie Scripts/Avventura, L' (The Adventure) Script.html","Avventura, L' (The Adventure) Script"
/Movie Scripts/Awakenings Script.html,Awakenings Script
/Movie Scripts/Babel Script.html,Babel Script
/Movie Scripts/Bachelor Party Script.html,Bachelor Party Script
"/Movie Scripts/Bachelor Party, The Script.html","Bachelor Party, The Script"
/Movie Scripts/Back to the Future Script.html,Back to the Future Script
/Movie Scripts/Back to the Future II %2526 III Script.html,Back to the Future II & III Script
"/Movie Scripts/Back-up Plan, The Script.html","Back-up Plan, The Script"
/Movie Scripts/Backdraft Script.html,Backdraft Script
/Movie Scripts/Bad Boys Script.html,Bad Boys Script
/Movie Scripts/Bad Country Script.html,Bad Country Script
/Movie Scripts/Bad Day at Black Rock Script.html,Bad Day at Black Rock Script
/Movie Scripts/Bad Dreams Script.html,Bad Dreams Script
/Movie Scripts/Bad Lieutenant Script.html,Bad Lieutenant Script
/Movie Scripts/Bad Santa Script.html,Bad Santa Script
/Movie Scripts/Bad Teacher Script.html,Bad Teacher Script
/Movie Scripts/Badlands Script.html,Badlands Script
/Movie Scripts/Bamboozled Script.html,Bamboozled Script
/Movie Scripts/Barry Lyndon Script.html,Barry Lyndon Script
/Movie Scripts/Barton Fink Script.html,Barton Fink Script
/Movie Scripts/Basic Script.html,Basic Script
/Movie Scripts/Basic Instinct Script.html,Basic Instinct Script
/Movie Scripts/Basquiat Script.html,Basquiat Script
/Movie Scripts/Batman Script.html,Batman Script
/Movie Scripts/Batman 2 Script.html,Batman 2 Script
/Movie Scripts/Batman and Robin Script.html,Batman and Robin Script
/Movie Scripts/Batman Begins Script.html,Batman Begins Script
/Movie Scripts/Batman Forever Script.html,Batman Forever Script
/Movie Scripts/Batman Returns Script.html,Batman Returns Script
"/Movie Scripts/Battle of Algiers, The Script.html","Battle of Algiers, The Script"
"/Movie Scripts/Battle of Shaker Heights, The Script.html","Battle of Shaker Heights, The Script"
/Movie Scripts/Battle: Los Angeles Script.html,Battle: Los Angeles Script
"/Movie Scripts/Beach, The Script.html","Beach, The Script"
/Movie Scripts/Bean Script.html,Bean Script
/Movie Scripts/Beasts of No Nation Script.html,Beasts of No Nation Script
/Movie Scripts/Beasts of the Southern Wild Script.html,Beasts of the Southern Wild Script
/Movie Scripts/Beauty and the Beast Script.html,Beauty and the Beast Script
/Movie Scripts/Beavis and Butt-head Do America Script.html,Beavis and Butt-head Do America Script
/Movie Scripts/Beginners Script.html,Beginners Script
/Movie Scripts/Being Human Script.html,Being Human Script
/Movie Scripts/Being John Malkovich Script.html,Being John Malkovich Script
/Movie Scripts/Being There Script.html,Being There Script
"/Movie Scripts/Believer, The Script.html","Believer, The Script"
/Movie Scripts/Belle Script.html,Belle Script
/Movie Scripts/Beloved Script.html,Beloved Script
/Movie Scripts/Benny %2526 Joon Script.html,Benny & Joon Script
"/Movie Scripts/Best Exotic Marigold Hotel, The Script.html","Best Exotic Marigold Hotel, The Script"
/Movie Scripts/Big Script.html,Big Script
"/Movie Scripts/Big Blue, The Script.html","Big Blue, The Script"
/Movie Scripts/Big Eyes Script.html,Big Eyes Script
/Movie Scripts/Big Fish Script.html,Big Fish Script
"/Movie Scripts/Big Lebowski, The Script.html","Big Lebowski, The Script"
"/Movie Scripts/Big Sick, The Script.html","Big Sick, The Script"
"/Movie Scripts/Big White, The Script.html","Big White, The Script"
/Movie Scripts/Birdman Script.html,Birdman Script
"/Movie Scripts/Birds, The Script.html","Birds, The Script"
/Movie Scripts/Birthday Girl Script.html,Birthday Girl Script
"/Movie Scripts/Black Dahlia, The Script.html","Black Dahlia, The Script"
/Movie Scripts/Black Panther Script.html,Black Panther Script
/Movie Scripts/Black Rain Script.html,Black Rain Script
/Movie Scripts/Black Snake Moan Script.html,Black Snake Moan Script
/Movie Scripts/Black Swan Script.html,Black Swan Script
/Movie Scripts/BlacKkKlansman Script.html,BlacKkKlansman Script
/Movie Scripts/Blade Script.html,Blade Script
/Movie Scripts/Blade II Script.html,Blade II Script
/Movie Scripts/Blade Runner Script.html,Blade Runner Script
/Movie Scripts/Blade: Trinity Script.html,Blade: Trinity Script
"/Movie Scripts/Blast from the Past, The Script.html","Blast from the Past, The Script"
"/Movie Scripts/Blind Side, The Script.html","Blind Side, The Script"
"/Movie Scripts/Bling Ring, The Script.html","Bling Ring, The Script"
/Movie Scripts/Blood and Wine Script.html,Blood and Wine Script
/Movie Scripts/Blood Simple Script.html,Blood Simple Script
/Movie Scripts/Blow Script.html,Blow Script
/Movie Scripts/Blue Valentine Script.html,Blue Valentine Script
/Movie Scripts/Blue Velvet Script.html,Blue Velvet Script
"/Movie Scripts/Blues Brothers, The Script.html","Blues Brothers, The Script"
"/Movie Scripts/Bodies, Rest %2526 Motion Script.html","Bodies, Rest & Motion Script"
/Movie Scripts/Body Heat Script.html,Body Heat Script
/Movie Scripts/Body of Evidence Script.html,Body of Evidence Script
/Movie Scripts/Bodyguard Script.html,Bodyguard Script
/Movie Scripts/Bones Script.html,Bones Script
/Movie Scripts/Bonfire of the Vanities Script.html,Bonfire of the Vanities Script
/Movie Scripts/Bonnie and Clyde Script.html,Bonnie and Clyde Script
/Movie Scripts/Boogie Nights Script.html,Boogie Nights Script
"/Movie Scripts/Book of Eli, The Script.html","Book of Eli, The Script"
/Movie Scripts/Boondock Saints 2: All Saints Day Script.html,Boondock Saints 2: All Saints Day Script
"/Movie Scripts/Boondock Saints, The Script.html","Boondock Saints, The Script"
/Movie Scripts/Bottle Rocket Script.html,Bottle Rocket Script
/Movie Scripts/Bound Script.html,Bound Script
"/Movie Scripts/Bounty Hunter, The Script.html","Bounty Hunter, The Script"
"/Movie Scripts/Bourne Identity, The Script.html","Bourne Identity, The Script"
"/Movie Scripts/Bourne Supremacy, The Script.html","Bourne Supremacy, The Script"
"/Movie Scripts/Bourne Ultimatum, The Script.html","Bourne Ultimatum, The Script"
"/Movie Scripts/Box, The Script.html","Box, The Script"
"/Movie Scripts/Boxtrolls, The Script.html","Boxtrolls, The Script"
/Movie Scripts/Boyhood Script.html,Boyhood Script
/Movie Scripts/Braveheart Script.html,Braveheart Script
/Movie Scripts/Brazil Script.html,Brazil Script
/Movie Scripts/Break Script.html,Break Script
/Movie Scripts/Breakdown Script.html,Breakdown Script
"/Movie Scripts/Breakfast Club, The Script.html","Breakfast Club, The Script"
/Movie Scripts/Breaking Away Script.html,Breaking Away Script
/Movie Scripts/Brick Script.html,Brick Script
/Movie Scripts/Bridesmaids Script.html,Bridesmaids Script
/Movie Scripts/Bringing Out the Dead Script.html,Bringing Out the Dead Script
/Movie Scripts/Broadcast News Script.html,Broadcast News Script
/Movie Scripts/Broken Arrow Script.html,Broken Arrow Script
/Movie Scripts/Broken Embraces Script.html,Broken Embraces Script
"/Movie Scripts/Brothers Bloom, The Script.html","Brothers Bloom, The Script"
/Movie Scripts/Bruce Almighty Script.html,Bruce Almighty Script
/Movie Scripts/Buffy the Vampire Slayer Script.html,Buffy the Vampire Slayer Script
/Movie Scripts/Bull Durham Script.html,Bull Durham Script
/Movie Scripts/Buried Script.html,Buried Script
/Movie Scripts/Burlesque Script.html,Burlesque Script
/Movie Scripts/Burn After Reading Script.html,Burn After Reading Script
/Movie Scripts/Burning Annie Script.html,Burning Annie Script
"/Movie Scripts/Butterfly Effect, The Script.html","Butterfly Effect, The Script"
/Movie Scripts/Cable Guy Script.html,Cable Guy Script
/Movie Scripts/Candle to Water Script.html,Candle to Water Script
/Movie Scripts/Capote Script.html,Capote Script
/Movie Scripts/Carrie Script.html,Carrie Script
/Movie Scripts/Cars 2 Script.html,Cars 2 Script
/Movie Scripts/Casablanca Script.html,Casablanca Script
/Movie Scripts/Case 39 Script.html,Case 39 Script
/Movie Scripts/Casino Script.html,Casino Script
/Movie Scripts/Cast Away Script.html,Cast Away Script
/Movie Scripts/Catch Me If You Can Script.html,Catch Me If You Can Script
/Movie Scripts/Catwoman Script.html,Catwoman Script
/Movie Scripts/Cecil B. Demented Script.html,Cecil B. Demented Script
/Movie Scripts/Cedar Rapids Script.html,Cedar Rapids Script
/Movie Scripts/Celeste %2526 Jesse Forever Script.html,Celeste & Jesse Forever Script
"/Movie Scripts/Cell, The Script.html","Cell, The Script"
/Movie Scripts/Cellular Script.html,Cellular Script
"/Movie Scripts/Change-Up, The Script.html","Change-Up, The Script"
/Movie Scripts/Changeling Script.html,Changeling Script
/Movie Scripts/Chaos Script.html,Chaos Script
/Movie Scripts/Charade Script.html,Charade Script
/Movie Scripts/Charlie's Angels Script.html,Charlie's Angels Script
/Movie Scripts/Chasing Amy Script.html,Chasing Amy Script
/Movie Scripts/Chasing Sleep Script.html,Chasing Sleep Script
/Movie Scripts/Cherry Falls Script.html,Cherry Falls Script
/Movie Scripts/Chinatown Script.html,Chinatown Script
/Movie Scripts/Christ Complex Script.html,Christ Complex Script
/Movie Scripts/Chronicle Script.html,Chronicle Script
"/Movie Scripts/Chronicles of Narnia: The Lion, the Witch and the Wardrobe Script.html","Chronicles of Narnia: The Lion, the Witch and the Wardrobe Script"
"/Movie Scripts/Cider House Rules, The Script.html","Cider House Rules, The Script"
"/Movie Scripts/Cincinnati Kid, The Script.html","Cincinnati Kid, The Script"
/Movie Scripts/Cinema Paradiso Script.html,Cinema Paradiso Script
/Movie Scripts/Cirque du Freak: The Vampire's Assistant Script.html,Cirque du Freak: The Vampire's Assistant Script
/Movie Scripts/Citizen Kane Script.html,Citizen Kane Script
/Movie Scripts/City of Joy Script.html,City of Joy Script
/Movie Scripts/Clash of the Titans Script.html,Clash of the Titans Script
/Movie Scripts/Clerks Script.html,Clerks Script
/Movie Scripts/Cliffhanger Script.html,Cliffhanger Script
"/Movie Scripts/Clockwork Orange, A Script.html","Clockwork Orange, A Script"
/Movie Scripts/Clueless Script.html,Clueless Script
/Movie Scripts/Cobb Script.html,Cobb Script
/Movie Scripts/Coco Script.html,Coco Script
/Movie Scripts/Code of Silence Script.html,Code of Silence Script
/Movie Scripts/Cold Mountain Script.html,Cold Mountain Script
/Movie Scripts/Collateral Script.html,Collateral Script
/Movie Scripts/Collateral Damage Script.html,Collateral Damage Script
/Movie Scripts/Colombiana Script.html,Colombiana Script
/Movie Scripts/Color of Night Script.html,Color of Night Script
/Movie Scripts/Commando Script.html,Commando Script
/Movie Scripts/Conan the Barbarian Script.html,Conan the Barbarian Script
/Movie Scripts/Confessions of a Dangerous Mind Script.html,Confessions of a Dangerous Mind Script
/Movie Scripts/Confidence Script.html,Confidence Script
/Movie Scripts/Constantine Script.html,Constantine Script
/Movie Scripts/Contact Script.html,Contact Script
"/Movie Scripts/Cooler, The Script.html","Cooler, The Script"
/Movie Scripts/Copycat Script.html,Copycat Script
/Movie Scripts/Coraline Script.html,Coraline Script
/Movie Scripts/Coriolanus Script.html,Coriolanus Script
/Movie Scripts/Courage Under Fire Script.html,Courage Under Fire Script
/Movie Scripts/Cowboys %2526 Aliens Script.html,Cowboys & Aliens Script
/Movie Scripts/Cradle 2 the Grave Script.html,Cradle 2 the Grave Script
/Movie Scripts/Crank Script.html,Crank Script
/Movie Scripts/Crash Script.html,Crash Script
"/Movie Scripts/Crazy, Stupid, Love Script.html","Crazy, Stupid, Love Script"
/Movie Scripts/Crazylove Script.html,Crazylove Script
/Movie Scripts/Creation Script.html,Creation Script
/Movie Scripts/Crime Spree Script.html,Crime Spree Script
"/Movie Scripts/Croods, The Script.html","Croods, The Script"
"/Movie Scripts/Crouching Tiger, Hidden Dragon Script.html","Crouching Tiger, Hidden Dragon Script"
/Movie Scripts/Croupier Script.html,Croupier Script
"/Movie Scripts/Crow Salvation, The Script.html","Crow Salvation, The Script"
"/Movie Scripts/Crow, The Script.html","Crow, The Script"
"/Movie Scripts/Crow: City of Angels, The Script.html","Crow: City of Angels, The Script"
/Movie Scripts/Cruel Intentions Script.html,Cruel Intentions Script
/Movie Scripts/Crying Game Script.html,Crying Game Script
/Movie Scripts/Cube Script.html,Cube Script
"/Movie Scripts/Curious Case of Benjamin Button, The Script.html","Curious Case of Benjamin Button, The Script"
/Movie Scripts/Custody Script.html,Custody Script
/Movie Scripts/Dallas Buyers Club Script.html,Dallas Buyers Club Script
"/Movie Scripts/Damned United, The Script.html","Damned United, The Script"
/Movie Scripts/Dances with Wolves Script.html,Dances with Wolves Script
"/Movie Scripts/Danish Girl, The Script.html","Danish Girl, The Script"
/Movie Scripts/Dark City Script.html,Dark City Script
"/Movie Scripts/Dark Knight Rises, The Script.html","Dark Knight Rises, The Script"
"/Movie Scripts/Dark Knight, The Script.html","Dark Knight, The Script"
/Movie Scripts/Dark Star Script.html,Dark Star Script
/Movie Scripts/Darkman Script.html,Darkman Script
/Movie Scripts/Date Night Script.html,Date Night Script
/Movie Scripts/Dave Barry's Complete Guide to Guys Script.html,Dave Barry's Complete Guide to Guys Script
/Movie Scripts/Dawn of the Dead Script.html,Dawn of the Dead Script
/Movie Scripts/Day of the Dead Script.html,Day of the Dead Script
"/Movie Scripts/Day the Clown Cried, The Script.html","Day the Clown Cried, The Script"
"/Movie Scripts/Day the Earth Stood Still, The Script.html","Day the Earth Stood Still, The Script"
/Movie Scripts/Days of Heaven Script.html,Days of Heaven Script
/Movie Scripts/Dead Poets Society Script.html,Dead Poets Society Script
/Movie Scripts/Deadpool Script.html,Deadpool Script
/Movie Scripts/Dear White People Script.html,Dear White People Script
/Movie Scripts/Death at a Funeral Script.html,Death at a Funeral Script
/Movie Scripts/Death to Smoochy Script.html,Death to Smoochy Script
"/Movie Scripts/Debt, The Script.html","Debt, The Script"
/Movie Scripts/Deception Script.html,Deception Script
/Movie Scripts/Deep Cover Script.html,Deep Cover Script
/Movie Scripts/Deep Rising Script.html,Deep Rising Script
"/Movie Scripts/Deer Hunter, The Script.html","Deer Hunter, The Script"
/Movie Scripts/Defiance Script.html,Defiance Script
"/Movie Scripts/Departed, The Script.html","Departed, The Script"
"/Movie Scripts/Descendants, The Script.html","Descendants, The Script"
/Movie Scripts/Despicable Me 2 Script.html,Despicable Me 2 Script
/Movie Scripts/Detroit Rock City Script.html,Detroit Rock City Script
/Movie Scripts/Devil in a Blue Dress Script.html,Devil in a Blue Dress Script
"/Movie Scripts/Devil Wears Prada, The Script.html","Devil Wears Prada, The Script"
/Movie Scripts/Devil's Advocate Script.html,Devil's Advocate Script
/Movie Scripts/Die Hard Script.html,Die Hard Script
/Movie Scripts/Die Hard 2 Script.html,Die Hard 2 Script
/Movie Scripts/Diner Script.html,Diner Script
"/Movie Scripts/Distinguished Gentleman, The Script.html","Distinguished Gentleman, The Script"
/Movie Scripts/Disturbia Script.html,Disturbia Script
/Movie Scripts/Django Unchained Script.html,Django Unchained Script
/Movie Scripts/Do The Right Thing Script.html,Do The Right Thing Script
/Movie Scripts/Dog Day Afternoon Script.html,Dog Day Afternoon Script
/Movie Scripts/Dogma Script.html,Dogma Script
/Movie Scripts/Donnie Brasco Script.html,Donnie Brasco Script
/Movie Scripts/Donnie Darko Script.html,Donnie Darko Script
"/Movie Scripts/Doors, The Script.html","Doors, The Script"
/Movie Scripts/Double Indemnity Script.html,Double Indemnity Script
/Movie Scripts/Drag Me to Hell Script.html,Drag Me to Hell Script
/Movie Scripts/Dragonslayer Script.html,Dragonslayer Script
/Movie Scripts/Drive Script.html,Drive Script
/Movie Scripts/Drive Angry Script.html,Drive Angry Script
/Movie Scripts/Drop Dead Gorgeous Script.html,Drop Dead Gorgeous Script
"/Movie Scripts/Dry White Season, A Script.html","Dry White Season, A Script"
/Movie Scripts/Duck Soup Script.html,Duck Soup Script
/Movie Scripts/Dumb and Dumber Script.html,Dumb and Dumber Script
/Movie Scripts/Dune Script.html,Dune Script
/Movie Scripts/E.T. Script.html,E.T. Script
/Movie Scripts/Eagle Eye Script.html,Eagle Eye Script
/Movie Scripts/Eastern Promises Script.html,Eastern Promises Script
/Movie Scripts/Easy A Script.html,Easy A Script
/Movie Scripts/Ed TV Script.html,Ed TV Script
/Movie Scripts/Ed Wood Script.html,Ed Wood Script
/Movie Scripts/Edward Scissorhands Script.html,Edward Scissorhands Script
/Movie Scripts/Eight Legged Freaks Script.html,Eight Legged Freaks Script
/Movie Scripts/El Mariachi Script.html,El Mariachi Script
/Movie Scripts/Election Script.html,Election Script
"/Movie Scripts/Elephant Man, The Script.html","Elephant Man, The Script"
/Movie Scripts/Elizabeth: The Golden Age Script.html,Elizabeth: The Golden Age Script
/Movie Scripts/Enemy of the State Script.html,Enemy of the State Script
"/Movie Scripts/English Patient, The Script.html","English Patient, The Script"
/Movie Scripts/Enough Script.html,Enough Script
/Movie Scripts/Entrapment Script.html,Entrapment Script
/Movie Scripts/Equilibrium Script.html,Equilibrium Script
/Movie Scripts/Erik the Viking Script.html,Erik the Viking Script
/Movie Scripts/Erin Brockovich Script.html,Erin Brockovich Script
/Movie Scripts/Escape From L.A. Script.html,Escape From L.A. Script
/Movie Scripts/Escape From New York Script.html,Escape From New York Script
/Movie Scripts/Eternal Sunshine of the Spotless Mind Script.html,Eternal Sunshine of the Spotless Mind Script
/Movie Scripts/Even Cowgirls Get the Blues Script.html,Even Cowgirls Get the Blues Script
/Movie Scripts/Event Horizon Script.html,Event Horizon Script
/Movie Scripts/Evil Dead Script.html,Evil Dead Script
/Movie Scripts/Evil Dead II: Dead by Dawn Script.html,Evil Dead II: Dead by Dawn Script
/Movie Scripts/Ex Machina Script.html,Ex Machina Script
/Movie Scripts/Excalibur Script.html,Excalibur Script
/Movie Scripts/Executive Decision Script.html,Executive Decision Script
/Movie Scripts/eXistenZ Script.html,eXistenZ Script
/Movie Scripts/Extract Script.html,Extract Script
/Movie Scripts/Eyes Wide Shut Script.html,Eyes Wide Shut Script
"/Movie Scripts/Fabulous Baker Boys, The Script.html","Fabulous Baker Boys, The Script"
/Movie Scripts/Face Off Script.html,Face Off Script
/Movie Scripts/Fair Game Script.html,Fair Game Script
"/Movie Scripts/Family Man, The Script.html","Family Man, The Script"
/Movie Scripts/Fantastic Four Script.html,Fantastic Four Script
/Movie Scripts/Fantastic Mr Fox Script.html,Fantastic Mr Fox Script
/Movie Scripts/Fargo Script.html,Fargo Script
/Movie Scripts/Fast Times at Ridgemont High Script.html,Fast Times at Ridgemont High Script
/Movie Scripts/Fatal Instinct Script.html,Fatal Instinct Script
"/Movie Scripts/Fault in Our Stars, The Script.html","Fault in Our Stars, The Script"
/Movie Scripts/Fear and Loathing in Las Vegas Script.html,Fear and Loathing in Las Vegas Script
/Movie Scripts/Feast Script.html,Feast Script
/Movie Scripts/Ferris Bueller's Day Off Script.html,Ferris Bueller's Day Off Script
/Movie Scripts/Field of Dreams Script.html,Field of Dreams Script
"/Movie Scripts/Fifth Element, The Script.html","Fifth Element, The Script"
/Movie Scripts/Fight Club Script.html,Fight Club Script
"/Movie Scripts/Fighter, The Script.html","Fighter, The Script"
/Movie Scripts/Final Destination Script.html,Final Destination Script
/Movie Scripts/Final Destination 2 Script.html,Final Destination 2 Script
/Movie Scripts/Finding Nemo Script.html,Finding Nemo Script
/Movie Scripts/Five Easy Pieces Script.html,Five Easy Pieces Script
/Movie Scripts/Flash Gordon Script.html,Flash Gordon Script
/Movie Scripts/Fletch Script.html,Fletch Script
/Movie Scripts/Flight Script.html,Flight Script
"/Movie Scripts/Flintstones, The Script.html","Flintstones, The Script"
/Movie Scripts/Forrest Gump Script.html,Forrest Gump Script
/Movie Scripts/Four Feathers Script.html,Four Feathers Script
/Movie Scripts/Four Rooms Script.html,Four Rooms Script
/Movie Scripts/Foxcatcher Script.html,Foxcatcher Script
/Movie Scripts/Fracture Script.html,Fracture Script
/Movie Scripts/Frances Script.html,Frances Script
/Movie Scripts/Frankenstein Script.html,Frankenstein Script
/Movie Scripts/Frankenweenie Script.html,Frankenweenie Script
/Movie Scripts/Freaked Script.html,Freaked Script
/Movie Scripts/Freddy vs. Jason Script.html,Freddy vs. Jason Script
"/Movie Scripts/French Connection, The Script.html","French Connection, The Script"
/Movie Scripts/Frequency Script.html,Frequency Script
/Movie Scripts/Friday the 13th Script.html,Friday the 13th Script
/Movie Scripts/Friday the 13th Part VIII: Jason Takes Manhattan Script.html,Friday the 13th Part VIII: Jason Takes Manhattan Script
/Movie Scripts/Fright Night Script.html,Fright Night Script
/Movie Scripts/Fright Night (1985) Script.html,Fright Night (1985) Script
/Movie Scripts/From Dusk Till Dawn Script.html,From Dusk Till Dawn Script
/Movie Scripts/From Here to Eternity Script.html,From Here to Eternity Script
/Movie Scripts/Frozen Script.html,Frozen Script
/Movie Scripts/Frozen (Disney) Script.html,Frozen (Disney) Script
/Movie Scripts/Frozen River Script.html,Frozen River Script
/Movie Scripts/Fruitvale Station Script.html,Fruitvale Station Script
"/Movie Scripts/Fugitive, The Script.html","Fugitive, The Script"
/Movie Scripts/Full Metal Jacket Script.html,Full Metal Jacket Script
/Movie Scripts/Funny People Script.html,Funny People Script
/Movie Scripts/Fury Script.html,Fury Script
/Movie Scripts/G.I. Jane Script.html,G.I. Jane Script
/Movie Scripts/G.I. Joe: The Rise of Cobra Script.html,G.I. Joe: The Rise of Cobra Script
/Movie Scripts/Game 6 Script.html,Game 6 Script
"/Movie Scripts/Game, The Script.html","Game, The Script"
/Movie Scripts/Gamer Script.html,Gamer Script
/Movie Scripts/Gandhi Script.html,Gandhi Script
/Movie Scripts/Gang Related Script.html,Gang Related Script
/Movie Scripts/Gangs of New York Script.html,Gangs of New York Script
/Movie Scripts/Garden State Script.html,Garden State Script
/Movie Scripts/Gattaca Script.html,Gattaca Script
/Movie Scripts/Get Carter Script.html,Get Carter Script
/Movie Scripts/Get Low Script.html,Get Low Script
/Movie Scripts/Get on Up Script.html,Get on Up Script
/Movie Scripts/Get Out Script.html,Get Out Script
/Movie Scripts/Get Shorty Script.html,Get Shorty Script
"/Movie Scripts/Getaway, The Script.html","Getaway, The Script"
/Movie Scripts/Ghost Script.html,Ghost Script
"/Movie Scripts/Ghost and the Darkness, The Script.html","Ghost and the Darkness, The Script"
/Movie Scripts/Ghost Rider Script.html,Ghost Rider Script
/Movie Scripts/Ghost Ship Script.html,Ghost Ship Script
/Movie Scripts/Ghost World Script.html,Ghost World Script
/Movie Scripts/Ghostbusters Script.html,Ghostbusters Script
/Movie Scripts/Ghostbusters 2 Script.html,Ghostbusters 2 Script
/Movie Scripts/Ginger Snaps Script.html,Ginger Snaps Script
"/Movie Scripts/Girl with the Dragon Tattoo, The Script.html","Girl with the Dragon Tattoo, The Script"
/Movie Scripts/Gladiator Script.html,Gladiator Script
/Movie Scripts/Glengarry Glen Gross Script.html,Glengarry Glen Gross Script
/Movie Scripts/Go Script.html,Go Script
/Movie Scripts/Godfather Script.html,Godfather Script
/Movie Scripts/Godfather Part II Script.html,Godfather Part II Script
"/Movie Scripts/Godfather Part III, The Script.html","Godfather Part III, The Script"
/Movie Scripts/Gods and Monsters Script.html,Gods and Monsters Script
/Movie Scripts/Godzilla Script.html,Godzilla Script
/Movie Scripts/Gone Baby Gone Script.html,Gone Baby Gone Script
/Movie Scripts/Gone in 60 Seconds Script.html,Gone in 60 Seconds Script
"/Movie Scripts/Good Girl, The Script.html","Good Girl, The Script"
/Movie Scripts/Good Will Hunting Script.html,Good Will Hunting Script
/Movie Scripts/Goodfellas Script.html,Goodfellas Script
/Movie Scripts/Gothika Script.html,Gothika Script
/Movie Scripts/Grabbers Script.html,Grabbers Script
"/Movie Scripts/Graduate, The Script.html","Graduate, The Script"
/Movie Scripts/Gran Torino Script.html,Gran Torino Script
/Movie Scripts/Grand Hotel Script.html,Grand Hotel Script
/Movie Scripts/Grand Theft Parsons Script.html,Grand Theft Parsons Script
"/Movie Scripts/Grapes of Wrath, The Script.html","Grapes of Wrath, The Script"
/Movie Scripts/Gravity Script.html,Gravity Script
"/Movie Scripts/Great Gatsby, The Script.html","Great Gatsby, The Script"
"/Movie Scripts/Green Mile, The Script.html","Green Mile, The Script"
/Movie Scripts/Gremlins Script.html,Gremlins Script
/Movie Scripts/Gremlins 2 Script.html,Gremlins 2 Script
"/Movie Scripts/Grifters, The Script.html","Grifters, The Script"
/Movie Scripts/Grosse Point Blank Script.html,Grosse Point Blank Script
/Movie Scripts/Groundhog Day Script.html,Groundhog Day Script
"/Movie Scripts/Grudge, The Script.html","Grudge, The Script"
/Movie Scripts/Guardians of the Galaxy Vol 2 Script.html,Guardians of the Galaxy Vol 2 Script
/Movie Scripts/Hackers Script.html,Hackers Script
/Movie Scripts/Hall Pass Script.html,Hall Pass Script
/Movie Scripts/Halloween Script.html,Halloween Script
/Movie Scripts/Halloween: The Curse of Michael Myers Script.html,Halloween: The Curse of Michael Myers Script
/Movie Scripts/Hancock Script.html,Hancock Script
"/Movie Scripts/Hangover, The Script.html","Hangover, The Script"
/Movie Scripts/Hanna Script.html,Hanna Script
/Movie Scripts/Hannah and Her Sisters Script.html,Hannah and Her Sisters Script
/Movie Scripts/Hannibal Script.html,Hannibal Script
"/Movie Scripts/Happy Birthday, Wanda June Script.html","Happy Birthday, Wanda June Script"
/Movie Scripts/Happy Feet Script.html,Happy Feet Script
/Movie Scripts/Hard Rain Script.html,Hard Rain Script
/Movie Scripts/Hard to Kill Script.html,Hard to Kill Script
/Movie Scripts/Harold and Kumar Go to White Castle Script.html,Harold and Kumar Go to White Castle Script
/Movie Scripts/Harry Potter and the Chamber of Secrets Script.html,Harry Potter and the Chamber of Secrets Script
/Movie Scripts/Harry Potter and the Deathly Hallows Part 1 Script.html,Harry Potter and the Deathly Hallows Part 1 Script
/Movie Scripts/Harry Potter and the Goblet of Fire Script.html,Harry Potter and the Goblet of Fire Script
/Movie Scripts/Harry Potter and the Half-Blood Prince Script.html,Harry Potter and the Half-Blood Prince Script
/Movie Scripts/Harry Potter and the Prisoner of Azkaban Script.html,Harry Potter and the Prisoner of Azkaban Script
/Movie Scripts/Harry Potter and the Sorcerer's Stone Script.html,Harry Potter and the Sorcerer's Stone Script
"/Movie Scripts/Haunting, The Script.html","Haunting, The Script"
/Movie Scripts/He's Just Not That Into You Script.html,He's Just Not That Into You Script
/Movie Scripts/Heat Script.html,Heat Script
/Movie Scripts/Heathers Script.html,Heathers Script
/Movie Scripts/Heavenly Creatures Script.html,Heavenly Creatures Script
/Movie Scripts/Heavy Metal Script.html,Heavy Metal Script
"/Movie Scripts/Hebrew Hammer, The Script.html","Hebrew Hammer, The Script"
/Movie Scripts/Heist Script.html,Heist Script
/Movie Scripts/Hellbound: Hellraiser II Script.html,Hellbound: Hellraiser II Script
/Movie Scripts/Hellboy Script.html,Hellboy Script
/Movie Scripts/Hellboy 2: The Golden Army Script.html,Hellboy 2: The Golden Army Script
/Movie Scripts/Hellraiser Script.html,Hellraiser Script
/Movie Scripts/Hellraiser 3: Hell on Earth Script.html,Hellraiser 3: Hell on Earth Script
/Movie Scripts/Hellraiser: Deader Script.html,Hellraiser: Deader Script
/Movie Scripts/Hellraiser: Hellseeker Script.html,Hellraiser: Hellseeker Script
"/Movie Scripts/Help, The Script.html","Help, The Script"
/Movie Scripts/Henry Fool Script.html,Henry Fool Script
/Movie Scripts/Henry's Crime Script.html,Henry's Crime Script
/Movie Scripts/Her Script.html,Her Script
/Movie Scripts/Hesher Script.html,Hesher Script
/Movie Scripts/High Fidelity Script.html,High Fidelity Script
/Movie Scripts/Highlander Script.html,Highlander Script
/Movie Scripts/Highlander: Endgame Script.html,Highlander: Endgame Script
"/Movie Scripts/Hills Have Eyes, The Script.html","Hills Have Eyes, The Script"
/Movie Scripts/His Girl Friday Script.html,His Girl Friday Script
/Movie Scripts/Hitchcock Script.html,Hitchcock Script
"/Movie Scripts/Hitchhiker's Guide to the Galaxy, The Script.html","Hitchhiker's Guide to the Galaxy, The Script"
/Movie Scripts/Hollow Man Script.html,Hollow Man Script
/Movie Scripts/Honeydripper Script.html,Honeydripper Script
/Movie Scripts/Horrible Bosses Script.html,Horrible Bosses Script
"/Movie Scripts/Horse Whisperer, The Script.html","Horse Whisperer, The Script"
"/Movie Scripts/Hospital, The Script.html","Hospital, The Script"
/Movie Scripts/Hostage Script.html,Hostage Script
/Movie Scripts/Hot Tub Time Machine Script.html,Hot Tub Time Machine Script
/Movie Scripts/Hotel Rwanda Script.html,Hotel Rwanda Script
/Movie Scripts/House of 1000 Corpses Script.html,House of 1000 Corpses Script
/Movie Scripts/How to Lose Friends %2526 Alienate People Script.html,How to Lose Friends & Alienate People Script
/Movie Scripts/How to Train Your Dragon Script.html,How to Train Your Dragon Script
/Movie Scripts/How to Train Your Dragon 2 Script.html,How to Train Your Dragon 2 Script
/Movie Scripts/Hudson Hawk Script.html,Hudson Hawk Script
"/Movie Scripts/Hudsucker Proxy, The Script.html","Hudsucker Proxy, The Script"
/Movie Scripts/Human Nature Script.html,Human Nature Script
"/Movie Scripts/Hunt for Red October, The Script.html","Hunt for Red October, The Script"
"/Movie Scripts/Hurt Locker, The Script.html","Hurt Locker, The Script"
/Movie Scripts/I Am Number Four Script.html,I Am Number Four Script
/Movie Scripts/I am Sam Script.html,I am Sam Script
/Movie Scripts/I Love You Phillip Morris Script.html,I Love You Phillip Morris Script
/Movie Scripts/I Spit on Your Grave Script.html,I Spit on Your Grave Script
/Movie Scripts/I Still Know What You Did Last Summer Script.html,I Still Know What You Did Last Summer Script
/Movie Scripts/I'll Do Anything Script.html,I'll Do Anything Script
"/Movie Scripts/I, Robot Script.html","I, Robot Script"
"/Movie Scripts/Ice Storm, The Script.html","Ice Storm, The Script"
"/Movie Scripts/Ides of March, The Script.html","Ides of March, The Script"
"/Movie Scripts/Imaginarium of Doctor Parnassus, The Script.html","Imaginarium of Doctor Parnassus, The Script"
/Movie Scripts/In the Bedroom Script.html,In the Bedroom Script
/Movie Scripts/In the Loop Script.html,In the Loop Script
/Movie Scripts/Inception Script.html,Inception Script
"/Movie Scripts/Incredibles, The Script.html","Incredibles, The Script"
/Movie Scripts/Independence Day Script.html,Independence Day Script
/Movie Scripts/Indiana Jones and the Last Crusade Script.html,Indiana Jones and the Last Crusade Script
/Movie Scripts/Indiana Jones and the Raiders of the Lost Ark Script.html,Indiana Jones and the Raiders of the Lost Ark Script
/Movie Scripts/Indiana Jones and the Temple of Doom Script.html,Indiana Jones and the Temple of Doom Script
/Movie Scripts/Indiana Jones IV Script.html,Indiana Jones IV Script
"/Movie Scripts/Informant, The Script.html","Informant, The Script"
/Movie Scripts/Inglourious Basterds Script.html,Inglourious Basterds Script
/Movie Scripts/Innerspace Script.html,Innerspace Script
"/Movie Scripts/Insider, The Script.html","Insider, The Script"
/Movie Scripts/Insidious Script.html,Insidious Script
/Movie Scripts/Insomnia Script.html,Insomnia Script
/Movie Scripts/Interstellar Script.html,Interstellar Script
/Movie Scripts/Interview with the Vampire Script.html,Interview with the Vampire Script
/Movie Scripts/Into the Wild Script.html,Into the Wild Script
/Movie Scripts/Into the Woods Script.html,Into the Woods Script
/Movie Scripts/Intolerable Cruelty Script.html,Intolerable Cruelty Script
/Movie Scripts/Inventing the Abbotts Script.html,Inventing the Abbotts Script
"/Movie Scripts/Invention of Lying, The Script.html","Invention of Lying, The Script"
/Movie Scripts/Invictus Script.html,Invictus Script
"/Movie Scripts/Iron Lady, The Script.html","Iron Lady, The Script"
"/Movie Scripts/Island, The Script.html","Island, The Script"
/Movie Scripts/It Script.html,It Script
/Movie Scripts/It Happened One Night Script.html,It Happened One Night Script
/Movie Scripts/It Happened One Night Script.html,It Happened One Night Script
/Movie Scripts/It's a Wonderful Life Script.html,It's a Wonderful Life Script
/Movie Scripts/It's Complicated Script.html,It's Complicated Script
"/Movie Scripts/Italian Job, The Script.html","Italian Job, The Script"
"/Movie Scripts/Jacket, The Script.html","Jacket, The Script"
/Movie Scripts/Jackie Brown Script.html,Jackie Brown Script
/Movie Scripts/Jacob's Ladder Script.html,Jacob's Ladder Script
/Movie Scripts/Jade Script.html,Jade Script
/Movie Scripts/Jane Eyre Script.html,Jane Eyre Script
/Movie Scripts/Jason X Script.html,Jason X Script
/Movie Scripts/Jaws Script.html,Jaws Script
/Movie Scripts/Jaws 2 Script.html,Jaws 2 Script
/Movie Scripts/Jay and Silent Bob Strike Back Script.html,Jay and Silent Bob Strike Back Script
/Movie Scripts/Jennifer Eight Script.html,Jennifer Eight Script
/Movie Scripts/Jennifer's Body Script.html,Jennifer's Body Script
/Movie Scripts/Jerry Maguire Script.html,Jerry Maguire Script
/Movie Scripts/Jeux Interdits Script.html,Jeux Interdits Script
/Movie Scripts/JFK Script.html,JFK Script
/Movie Scripts/Jimmy and Judy Script.html,Jimmy and Judy Script
/Movie Scripts/John Q Script.html,John Q Script
/Movie Scripts/John Wick Script.html,John Wick Script
/Movie Scripts/Joker Script.html,Joker Script
/Movie Scripts/Judge Dredd Script.html,Judge Dredd Script
/Movie Scripts/Juno Script.html,Juno Script
/Movie Scripts/Jurassic Park Script.html,Jurassic Park Script
/Movie Scripts/Jurassic Park III Script.html,Jurassic Park III Script
/Movie Scripts/Jurassic Park: The Lost World Script.html,Jurassic Park: The Lost World Script
/Movie Scripts/Kafka Script.html,Kafka Script
/Movie Scripts/Kalifornia Script.html,Kalifornia Script
/Movie Scripts/Kate %2526 Leopold Script.html,Kate & Leopold Script
/Movie Scripts/Kids Script.html,Kids Script
"/Movie Scripts/Kids Are All Right, The Script.html","Kids Are All Right, The Script"
/Movie Scripts/Kill Bill Volume 1 %2526 2 Script.html,Kill Bill Volume 1 & 2 Script
/Movie Scripts/Kill Your Darlings Script.html,Kill Your Darlings Script
/Movie Scripts/Killing Zoe Script.html,Killing Zoe Script
/Movie Scripts/King Kong Script.html,King Kong Script
"/Movie Scripts/King of Comedy, The Script.html","King of Comedy, The Script"
"/Movie Scripts/King's Speech, The Script.html","King's Speech, The Script"
"/Movie Scripts/Kingdom, The Script.html","Kingdom, The Script"
/Movie Scripts/Kiss of the Spider Woman Script.html,Kiss of the Spider Woman Script
/Movie Scripts/Klute Script.html,Klute Script
/Movie Scripts/Knocked Up Script.html,Knocked Up Script
/Movie Scripts/Kramer vs Kramer Script.html,Kramer vs Kramer Script
/Movie Scripts/Kundun Script.html,Kundun Script
/Movie Scripts/Kung Fu Panda Script.html,Kung Fu Panda Script
/Movie Scripts/L.A. Confidential Script.html,L.A. Confidential Script
/Movie Scripts/La La Land Script.html,La La Land Script
/Movie Scripts/Labor of Love Script.html,Labor of Love Script
/Movie Scripts/Labyrinth Script.html,Labyrinth Script
"/Movie Scripts/Ladykillers, The Script.html","Ladykillers, The Script"
/Movie Scripts/Lake Placid Script.html,Lake Placid Script
/Movie Scripts/Land of the Dead Script.html,Land of the Dead Script
/Movie Scripts/Larry Crowne Script.html,Larry Crowne Script
"/Movie Scripts/Last Boy Scout, The Script.html","Last Boy Scout, The Script"
/Movie Scripts/Last Chance Harvey Script.html,Last Chance Harvey Script
"/Movie Scripts/Last Flight, The Script.html","Last Flight, The Script"
"/Movie Scripts/Last of the Mohicans, The Script.html","Last of the Mohicans, The Script"
"/Movie Scripts/Last Samurai, The Script.html","Last Samurai, The Script"
"/Movie Scripts/Last Station, The Script.html","Last Station, The Script"
/Movie Scripts/Last Tango in Paris Script.html,Last Tango in Paris Script
/Movie Scripts/Law Abiding Citizen Script.html,Law Abiding Citizen Script
/Movie Scripts/Le Diable par la Queue Script.html,Le Diable par la Queue Script
/Movie Scripts/Leaving Las Vegas Script.html,Leaving Las Vegas Script
/Movie Scripts/Legally Blonde Script.html,Legally Blonde Script
/Movie Scripts/Legend Script.html,Legend Script
/Movie Scripts/Legion Script.html,Legion Script
"/Movie Scripts/LEGO Movie, The Script.html","LEGO Movie, The Script"
/Movie Scripts/Les Miserables Script.html,Les Miserables Script
/Movie Scripts/Les Tontons Flingueurs Script.html,Les Tontons Flingueurs Script
/Movie Scripts/Lethal Weapon Script.html,Lethal Weapon Script
/Movie Scripts/Lethal Weapon 4 Script.html,Lethal Weapon 4 Script
/Movie Scripts/Leviathan Script.html,Leviathan Script
/Movie Scripts/Liar Liar Script.html,Liar Liar Script
/Movie Scripts/Life Script.html,Life Script
/Movie Scripts/Life As A House Script.html,Life As A House Script
"/Movie Scripts/Life of David Gale, The Script.html","Life of David Gale, The Script"
/Movie Scripts/Life of Pi Script.html,Life of Pi Script
/Movie Scripts/Light Sleeper Script.html,Light Sleeper Script
"/Movie Scripts/Limey, The Script.html","Limey, The Script"
/Movie Scripts/Limitless Script.html,Limitless Script
/Movie Scripts/Lincoln Script.html,Lincoln Script
"/Movie Scripts/Lincoln Lawyer, The Script.html","Lincoln Lawyer, The Script"
"/Movie Scripts/Lion King, The Script.html","Lion King, The Script"
/Movie Scripts/Little Athens Script.html,Little Athens Script
/Movie Scripts/Little Men Script.html,Little Men Script
"/Movie Scripts/Little Mermaid, The Script.html","Little Mermaid, The Script"
/Movie Scripts/Little Nicky Script.html,Little Nicky Script
/Movie Scripts/Living in Oblivion Script.html,Living in Oblivion Script
"/Movie Scripts/Lock, Stock and Two Smoking Barrels Script.html","Lock, Stock and Two Smoking Barrels Script"
/Movie Scripts/Logan Script.html,Logan Script
/Movie Scripts/Logan's Run Script.html,Logan's Run Script
/Movie Scripts/Lone Star Script.html,Lone Star Script
"/Movie Scripts/Long Kiss Goodnight, The Script.html","Long Kiss Goodnight, The Script"
/Movie Scripts/Looper Script.html,Looper Script
/Movie Scripts/Lord of Illusions Script.html,Lord of Illusions Script
"/Movie Scripts/Lord of the Rings: Fellowship of the Ring, The Script.html","Lord of the Rings: Fellowship of the Ring, The Script"
/Movie Scripts/Lord of the Rings: Return of the King Script.html,Lord of the Rings: Return of the King Script
/Movie Scripts/Lord of the Rings: The Two Towers Script.html,Lord of the Rings: The Two Towers Script
/Movie Scripts/Lord of War Script.html,Lord of War Script
"/Movie Scripts/Losers, The Script.html","Losers, The Script"
/Movie Scripts/Lost Highway Script.html,Lost Highway Script
/Movie Scripts/Lost Horizon Script.html,Lost Horizon Script
/Movie Scripts/Lost in Space Script.html,Lost in Space Script
/Movie Scripts/Lost in Translation Script.html,Lost in Translation Script
/Movie Scripts/Love and Basketball Script.html,Love and Basketball Script
/Movie Scripts/Machete Script.html,Machete Script
/Movie Scripts/Machine Gun Preacher Script.html,Machine Gun Preacher Script
/Movie Scripts/Mad Max 2: The Road Warrior Script.html,Mad Max 2: The Road Warrior Script
/Movie Scripts/Made Script.html,Made Script
/Movie Scripts/Magnolia Script.html,Magnolia Script
"/Movie Scripts/Majestic, The (The Bijou) Script.html","Majestic, The (The Bijou) Script"
/Movie Scripts/Major League Script.html,Major League Script
/Movie Scripts/Malcolm X Script.html,Malcolm X Script
/Movie Scripts/Malibu's Most Wanted Script.html,Malibu's Most Wanted Script
/Movie Scripts/Man in the Iron Mask Script.html,Man in the Iron Mask Script
/Movie Scripts/Man On Fire Script.html,Man On Fire Script
/Movie Scripts/Man on the Moon Script.html,Man on the Moon Script
/Movie Scripts/Man Trouble Script.html,Man Trouble Script
"/Movie Scripts/Man Who Knew Too Much, The Script.html","Man Who Knew Too Much, The Script"
"/Movie Scripts/Man Who Wasn't There, The Script.html","Man Who Wasn't There, The Script"
"/Movie Scripts/Manchurian Candidate, The Script.html","Manchurian Candidate, The Script"
/Movie Scripts/Manhattan Murder Mystery Script.html,Manhattan Murder Mystery Script
/Movie Scripts/Manhunter Script.html,Manhunter Script
/Movie Scripts/Margaret Script.html,Margaret Script
/Movie Scripts/Margin Call Script.html,Margin Call Script
/Movie Scripts/Margot at the Wedding Script.html,Margot at the Wedding Script
"/Movie Scripts/Mariachi, El Script.html","Mariachi, El Script"
/Movie Scripts/Marley %2526 Me Script.html,Marley & Me Script
/Movie Scripts/Martha Marcy May Marlene Script.html,Martha Marcy May Marlene Script
"/Movie Scripts/Martian, The Script.html","Martian, The Script"
/Movie Scripts/Marty Script.html,Marty Script
/Movie Scripts/Mary Poppins Script.html,Mary Poppins Script
"/Movie Scripts/Mask, The Script.html","Mask, The Script"
/Movie Scripts/Master and Commander Script.html,Master and Commander Script
"/Movie Scripts/Master, The Script.html","Master, The Script"
/Movie Scripts/Matchstick Men Script.html,Matchstick Men Script
"/Movie Scripts/Matrix Reloaded, The Script.html","Matrix Reloaded, The Script"
"/Movie Scripts/Matrix, The Script.html","Matrix, The Script"
/Movie Scripts/Max Payne Script.html,Max Payne Script
/Movie Scripts/Mean Streets Script.html,Mean Streets Script
"/Movie Scripts/Mechanic, The Script.html","Mechanic, The Script"
/Movie Scripts/Meet Joe Black Script.html,Meet Joe Black Script
/Movie Scripts/Meet John Doe Script.html,Meet John Doe Script
/Movie Scripts/Megamind Script.html,Megamind Script
/Movie Scripts/Memento Script.html,Memento Script
/Movie Scripts/Men in Black Script.html,Men in Black Script
/Movie Scripts/Men in Black 3 Script.html,Men in Black 3 Script
"/Movie Scripts/Men Who Stare at Goats, The Script.html","Men Who Stare at Goats, The Script"
/Movie Scripts/Metro Script.html,Metro Script
/Movie Scripts/Miami Vice Script.html,Miami Vice Script
/Movie Scripts/Midnight Cowboy Script.html,Midnight Cowboy Script
/Movie Scripts/Midnight Express Script.html,Midnight Express Script
/Movie Scripts/Midnight in Paris Script.html,Midnight in Paris Script
/Movie Scripts/Mighty Joe Young Script.html,Mighty Joe Young Script
/Movie Scripts/Mighty Morphin Power Rangers: The Movie Script.html,Mighty Morphin Power Rangers: The Movie Script
/Movie Scripts/Milk Script.html,Milk Script
/Movie Scripts/Miller's Crossing Script.html,Miller's Crossing Script
/Movie Scripts/Mimic Script.html,Mimic Script
/Movie Scripts/Mini's First Time Script.html,Mini's First Time Script
/Movie Scripts/Minority Report Script.html,Minority Report Script
"/Movie Scripts/Miracle Worker, The Script.html","Miracle Worker, The Script"
/Movie Scripts/Mirrors Script.html,Mirrors Script
/Movie Scripts/Misery Script.html,Misery Script
/Movie Scripts/Mission Impossible Script.html,Mission Impossible Script
/Movie Scripts/Mission Impossible II Script.html,Mission Impossible II Script
/Movie Scripts/Mission to Mars Script.html,Mission to Mars Script
/Movie Scripts/Moneyball Script.html,Moneyball Script
/Movie Scripts/Monkeybone Script.html,Monkeybone Script
/Movie Scripts/Monster's Ball Script.html,Monster's Ball Script
/Movie Scripts/Monte Carlo Script.html,Monte Carlo Script
/Movie Scripts/Moon Script.html,Moon Script
/Movie Scripts/Moonrise Kingdom Script.html,Moonrise Kingdom Script
/Movie Scripts/Moonstruck Script.html,Moonstruck Script
/Movie Scripts/Mr Blandings Builds His Dream House Script.html,Mr Blandings Builds His Dream House Script
/Movie Scripts/Mr Brooks Script.html,Mr Brooks Script
/Movie Scripts/Mr Deeds Goes to Town Script.html,Mr Deeds Goes to Town Script
/Movie Scripts/Mr. Holland's Opus Script.html,Mr. Holland's Opus Script
/Movie Scripts/Mrs. Brown Script.html,Mrs. Brown Script
/Movie Scripts/Mud Script.html,Mud Script
/Movie Scripts/Mulan Script.html,Mulan Script
/Movie Scripts/Mulholland Drive Script.html,Mulholland Drive Script
/Movie Scripts/Mumford Script.html,Mumford Script
"/Movie Scripts/Mummy, The Script.html","Mummy, The Script"
/Movie Scripts/Music of the Heart Script.html,Music of the Heart Script
/Movie Scripts/Mute Witness Script.html,Mute Witness Script
/Movie Scripts/My Best Friend's Wedding Script.html,My Best Friend's Wedding Script
/Movie Scripts/My Girl Script.html,My Girl Script
/Movie Scripts/My Mother Dreams the Satan's Disciples in New York Script.html,My Mother Dreams the Satan's Disciples in New York Script
/Movie Scripts/My Week with Marilyn Script.html,My Week with Marilyn Script
/Movie Scripts/Mystery Men Script.html,Mystery Men Script
/Movie Scripts/Napoleon Dynamite Script.html,Napoleon Dynamite Script
/Movie Scripts/Nashville Script.html,Nashville Script
/Movie Scripts/Natural Born Killers Script.html,Natural Born Killers Script
/Movie Scripts/Never Been Kissed Script.html,Never Been Kissed Script
"/Movie Scripts/Neverending Story, The Script.html","Neverending Story, The Script"
/Movie Scripts/New York Minute Script.html,New York Minute Script
/Movie Scripts/Newsies Script.html,Newsies Script
/Movie Scripts/Next Script.html,Next Script
/Movie Scripts/Next Friday Script.html,Next Friday Script
"/Movie Scripts/Next Three Days, The Script.html","Next Three Days, The Script"
/Movie Scripts/Ni vu ni connu Script.html,Ni vu ni connu Script
/Movie Scripts/Nick of Time Script.html,Nick of Time Script
/Movie Scripts/Night Time (The Poltergeist Treatment) Script.html,Night Time (The Poltergeist Treatment) Script
/Movie Scripts/Nightbreed Script.html,Nightbreed Script
"/Movie Scripts/Nightmare Before Christmas, The Script.html","Nightmare Before Christmas, The Script"
"/Movie Scripts/Nightmare Before Christmas, The Script.html","Nightmare Before Christmas, The Script"
"/Movie Scripts/Nightmare on Elm Street, A Script.html","Nightmare on Elm Street, A Script"
/Movie Scripts/Nightmare on Elm Street: The Final Chapter Script.html,Nightmare on Elm Street: The Final Chapter Script
/Movie Scripts/Nine Script.html,Nine Script
"/Movie Scripts/Nines, The Script.html","Nines, The Script"
/Movie Scripts/Ninja Assassin Script.html,Ninja Assassin Script
/Movie Scripts/Ninotchka Script.html,Ninotchka Script
"/Movie Scripts/Ninth Gate, The Script.html","Ninth Gate, The Script"
/Movie Scripts/No Country for Old Men Script.html,No Country for Old Men Script
/Movie Scripts/No Strings Attached Script.html,No Strings Attached Script
/Movie Scripts/Notting Hill Script.html,Notting Hill Script
/Movie Scripts/Nurse Betty Script.html,Nurse Betty Script
/Movie Scripts/O Brother Where Art Thou%3f Script.html,O Brother Where Art Thou? Script
/Movie Scripts/Oblivion Script.html,Oblivion Script
/Movie Scripts/Observe and Report Script.html,Observe and Report Script
/Movie Scripts/Obsessed Script.html,Obsessed Script
/Movie Scripts/Ocean's Eleven Script.html,Ocean's Eleven Script
/Movie Scripts/Ocean's Twelve Script.html,Ocean's Twelve Script
/Movie Scripts/Office Space Script.html,Office Space Script
"/Movie Scripts/Officer and a Gentleman, An Script.html","Officer and a Gentleman, An Script"
/Movie Scripts/Omega Man Script.html,Omega Man Script
/Movie Scripts/One Flew Over the Cuckoo's Nest Script.html,One Flew Over the Cuckoo's Nest Script
/Movie Scripts/Only God Forgives Script.html,Only God Forgives Script
/Movie Scripts/Ordinary People Script.html,Ordinary People Script
/Movie Scripts/Orgy of the Dead Script.html,Orgy of the Dead Script
/Movie Scripts/Orphan Script.html,Orphan Script
"/Movie Scripts/Other Boleyn Girl, The Script.html","Other Boleyn Girl, The Script"
/Movie Scripts/Out of Sight Script.html,Out of Sight Script
/Movie Scripts/Outbreak Script.html,Outbreak Script
"/Movie Scripts/Pacifier, The Script.html","Pacifier, The Script"
/Movie Scripts/Pandorum Script.html,Pandorum Script
/Movie Scripts/Panic Room Script.html,Panic Room Script
/Movie Scripts/Papadopoulos %2526 Sons Script.html,Papadopoulos & Sons Script
/Movie Scripts/ParaNorman Script.html,ParaNorman Script
/Movie Scripts/Pariah Script.html,Pariah Script
/Movie Scripts/Passengers Script.html,Passengers Script
"/Movie Scripts/Passion of Joan of Arc, The Script.html","Passion of Joan of Arc, The Script"
"/Movie Scripts/Patriot, The Script.html","Patriot, The Script"
/Movie Scripts/Paul Script.html,Paul Script
/Movie Scripts/Pearl Harbor Script.html,Pearl Harbor Script
/Movie Scripts/Peeping Tom Script.html,Peeping Tom Script
/Movie Scripts/Peggy Sue Got Married Script.html,Peggy Sue Got Married Script
/Movie Scripts/Perfect Creature Script.html,Perfect Creature Script
"/Movie Scripts/Perfect World, A Script.html","Perfect World, A Script"
"/Movie Scripts/Perks of Being a Wallflower, The Script.html","Perks of Being a Wallflower, The Script"
/Movie Scripts/Pet Sematary Script.html,Pet Sematary Script
/Movie Scripts/Pet Sematary II Script.html,Pet Sematary II Script
/Movie Scripts/Petulia Script.html,Petulia Script
/Movie Scripts/Philadelphia Script.html,Philadelphia Script
/Movie Scripts/Phone Booth Script.html,Phone Booth Script
/Movie Scripts/Pi Script.html,Pi Script
"/Movie Scripts/Pianist, The Script.html","Pianist, The Script"
"/Movie Scripts/Piano, The Script.html","Piano, The Script"
/Movie Scripts/Pineapple Express Script.html,Pineapple Express Script
/Movie Scripts/Pirates of the Caribbean Script.html,Pirates of the Caribbean Script
/Movie Scripts/Pirates of the Caribbean: Dead Man's Chest Script.html,Pirates of the Caribbean: Dead Man's Chest Script
/Movie Scripts/Pitch Black Script.html,Pitch Black Script
"/Movie Scripts/Planet of the Apes, The Script.html","Planet of the Apes, The Script"
/Movie Scripts/Platinum Blonde Script.html,Platinum Blonde Script
/Movie Scripts/Platoon Script.html,Platoon Script
/Movie Scripts/Pleasantville Script.html,Pleasantville Script
/Movie Scripts/Point Break Script.html,Point Break Script
/Movie Scripts/Pokemon: Mewtwo Returns Script.html,Pokemon: Mewtwo Returns Script
"/Movie Scripts/Postman, The Script.html","Postman, The Script"
"/Movie Scripts/Power of One, The Script.html","Power of One, The Script"
/Movie Scripts/Precious Script.html,Precious Script
/Movie Scripts/Predator Script.html,Predator Script
"/Movie Scripts/Prestige, The Script.html","Prestige, The Script"
/Movie Scripts/Pretty Woman Script.html,Pretty Woman Script
/Movie Scripts/Pretty Woman (final script) Script.html,Pretty Woman (final script) Script
/Movie Scripts/Pride and Prejudice Script.html,Pride and Prejudice Script
/Movie Scripts/Priest Script.html,Priest Script
"/Movie Scripts/Princess Bride, The Script.html","Princess Bride, The Script"
"/Movie Scripts/Private Life of Sherlock Holmes, The Script.html","Private Life of Sherlock Holmes, The Script"
"/Movie Scripts/Producer, The Script.html","Producer, The Script"
"/Movie Scripts/Program, The Script.html","Program, The Script"
/Movie Scripts/Prom Night Script.html,Prom Night Script
/Movie Scripts/Prometheus Script.html,Prometheus Script
"/Movie Scripts/Prophecy, The Script.html","Prophecy, The Script"
"/Movie Scripts/Proposal, The Script.html","Proposal, The Script"
/Movie Scripts/Psycho Script.html,Psycho Script
/Movie Scripts/Public Enemies Script.html,Public Enemies Script
/Movie Scripts/Pulp Fiction Script.html,Pulp Fiction Script
/Movie Scripts/Punch-Drunk Love Script.html,Punch-Drunk Love Script
/Movie Scripts/Purple Rain Script.html,Purple Rain Script
/Movie Scripts/Quantum Project Script.html,Quantum Project Script
/Movie Scripts/Queen of the Damned Script.html,Queen of the Damned Script
"/Movie Scripts/Queen, The Script.html","Queen, The Script"
/Movie Scripts/Rachel Getting Married Script.html,Rachel Getting Married Script
/Movie Scripts/Raging Bull Script.html,Raging Bull Script
/Movie Scripts/Raising Arizona Script.html,Raising Arizona Script
/Movie Scripts/Rambling Rose Script.html,Rambling Rose Script
/Movie Scripts/Rambo: First Blood II: The Mission Script.html,Rambo: First Blood II: The Mission Script
"/Movie Scripts/Reader, The Script.html","Reader, The Script"
/Movie Scripts/Real Genius Script.html,Real Genius Script
/Movie Scripts/Rear Window Script.html,Rear Window Script
/Movie Scripts/Rebel Without A Cause Script.html,Rebel Without A Cause Script
/Movie Scripts/Red Planet Script.html,Red Planet Script
/Movie Scripts/Red Riding Hood Script.html,Red Riding Hood Script
/Movie Scripts/Reindeer Games Script.html,Reindeer Games Script
"/Movie Scripts/Relic, The Script.html","Relic, The Script"
/Movie Scripts/Remember Me Script.html,Remember Me Script
"/Movie Scripts/Replacements, The Script.html","Replacements, The Script"
/Movie Scripts/Repo Man Script.html,Repo Man Script
"/Movie Scripts/Rescuers Down Under, The Script.html","Rescuers Down Under, The Script"
/Movie Scripts/Reservoir Dogs Script.html,Reservoir Dogs Script
/Movie Scripts/Resident Evil Script.html,Resident Evil Script
/Movie Scripts/Return of the Apes Script.html,Return of the Apes Script
"/Movie Scripts/Revenant, The Script.html","Revenant, The Script"
/Movie Scripts/Revolutionary Road Script.html,Revolutionary Road Script
/Movie Scripts/Ringu Script.html,Ringu Script
/Movie Scripts/Rise of the Guardians Script.html,Rise of the Guardians Script
/Movie Scripts/Rise of the Planet of the Apes Script.html,Rise of the Planet of the Apes Script
/Movie Scripts/RKO 281 Script.html,RKO 281 Script
"/Movie Scripts/Road, The Script.html","Road, The Script"
/Movie Scripts/Robin Hood: Prince of Thieves Script.html,Robin Hood: Prince of Thieves Script
/Movie Scripts/Robocop Script.html,Robocop Script
"/Movie Scripts/Rock, The Script.html","Rock, The Script"
/Movie Scripts/RocknRolla Script.html,RocknRolla Script
/Movie Scripts/Rocky Script.html,Rocky Script
"/Movie Scripts/Rocky Horror Picture Show, The Script.html","Rocky Horror Picture Show, The Script"
/Movie Scripts/Romeo %2526 Juliet Script.html,Romeo & Juliet Script
/Movie Scripts/Ronin Script.html,Ronin Script
/Movie Scripts/Room Script.html,Room Script
"/Movie Scripts/Roommate, The Script.html","Roommate, The Script"
/Movie Scripts/Roughshod Script.html,Roughshod Script
"/Movie Scripts/Ruins, The Script.html","Ruins, The Script"
/Movie Scripts/Runaway Bride Script.html,Runaway Bride Script
/Movie Scripts/Rush Script.html,Rush Script
/Movie Scripts/Rush Hour Script.html,Rush Hour Script
/Movie Scripts/Rush Hour 2 Script.html,Rush Hour 2 Script
/Movie Scripts/Rushmore Script.html,Rushmore Script
/Movie Scripts/Rust and Bone Script.html,Rust and Bone Script
/Movie Scripts/S. Darko Script.html,S. Darko Script
"/Movie Scripts/Saint, The Script.html","Saint, The Script"
"/Movie Scripts/Salton Sea, The Script.html","Salton Sea, The Script"
"/Movie Scripts/Sandlot Kids, The Script.html","Sandlot Kids, The Script"
/Movie Scripts/Save the Last Dance Script.html,Save the Last Dance Script
/Movie Scripts/Saving Mr. Banks Script.html,Saving Mr. Banks Script
/Movie Scripts/Saving Private Ryan Script.html,Saving Private Ryan Script
/Movie Scripts/Saw Script.html,Saw Script
/Movie Scripts/Scarface Script.html,Scarface Script
/Movie Scripts/Scary Movie 2 Script.html,Scary Movie 2 Script
/Movie Scripts/Schindler's List Script.html,Schindler's List Script
/Movie Scripts/Scott Pilgrim vs the World Script.html,Scott Pilgrim vs the World Script
/Movie Scripts/Scream Script.html,Scream Script
/Movie Scripts/Scream 2 Script.html,Scream 2 Script
/Movie Scripts/Scream 3 Script.html,Scream 3 Script
/Movie Scripts/Se7en Script.html,Se7en Script
"/Movie Scripts/Searchers, The Script.html","Searchers, The Script"
"/Movie Scripts/Secret Life of Walter Mitty, The Script.html","Secret Life of Walter Mitty, The Script"
/Movie Scripts/Semi-Pro Script.html,Semi-Pro Script
/Movie Scripts/Sense and Sensibility Script.html,Sense and Sensibility Script
/Movie Scripts/Serenity Script.html,Serenity Script
/Movie Scripts/Serial Mom Script.html,Serial Mom Script
"/Movie Scripts/Sessions, The Script.html","Sessions, The Script"
"/Movie Scripts/Seventh Seal, The Script.html","Seventh Seal, The Script"
/Movie Scripts/Sex and the City Script.html,Sex and the City Script
"/Movie Scripts/Sex, Lies and Videotape Script.html","Sex, Lies and Videotape Script"
/Movie Scripts/Sexual Life Script.html,Sexual Life Script
/Movie Scripts/Shadow of the Vampire Script.html,Shadow of the Vampire Script
/Movie Scripts/Shakespeare in Love Script.html,Shakespeare in Love Script
/Movie Scripts/Shallow Grave Script.html,Shallow Grave Script
/Movie Scripts/Shame Script.html,Shame Script
/Movie Scripts/Shampoo Script.html,Shampoo Script
"/Movie Scripts/Shawshank Redemption, The Script.html","Shawshank Redemption, The Script"
/Movie Scripts/She's Out of My League Script.html,She's Out of My League Script
/Movie Scripts/Sherlock Holmes Script.html,Sherlock Holmes Script
/Movie Scripts/Shifty Script.html,Shifty Script
"/Movie Scripts/Shining, The Script.html","Shining, The Script"
"/Movie Scripts/Shipping News, The Script.html","Shipping News, The Script"
/Movie Scripts/Shivers Script.html,Shivers Script
/Movie Scripts/Shrek Script.html,Shrek Script
/Movie Scripts/Shrek the Third Script.html,Shrek the Third Script
/Movie Scripts/Sicario Script.html,Sicario Script
/Movie Scripts/Sideways Script.html,Sideways Script
"/Movie Scripts/Siege, The Script.html","Siege, The Script"
/Movie Scripts/Signs Script.html,Signs Script
/Movie Scripts/Silence of the Lambs Script.html,Silence of the Lambs Script
/Movie Scripts/Silver Bullet Script.html,Silver Bullet Script
/Movie Scripts/Silver Linings Playbook Script.html,Silver Linings Playbook Script
/Movie Scripts/Simone Script.html,Simone Script
/Movie Scripts/Single White Female Script.html,Single White Female Script
/Movie Scripts/Sister Act Script.html,Sister Act Script
/Movie Scripts/Six Degrees of Separation Script.html,Six Degrees of Separation Script
"/Movie Scripts/Sixth Sense, The Script.html","Sixth Sense, The Script"
/Movie Scripts/Sleepless in Seattle Script.html,Sleepless in Seattle Script
/Movie Scripts/Sleepy Hollow Script.html,Sleepy Hollow Script
/Movie Scripts/Sling Blade Script.html,Sling Blade Script
/Movie Scripts/Slither Script.html,Slither Script
/Movie Scripts/Slumdog Millionaire Script.html,Slumdog Millionaire Script
/Movie Scripts/Smashed Script.html,Smashed Script
/Movie Scripts/Smokin' Aces Script.html,Smokin' Aces Script
/Movie Scripts/Snatch Script.html,Snatch Script
/Movie Scripts/Sneakers Script.html,Sneakers Script
/Movie Scripts/Snow Falling On Cedars Script.html,Snow Falling On Cedars Script
/Movie Scripts/Snow White and the Huntsman Script.html,Snow White and the Huntsman Script
/Movie Scripts/So I Married an Axe Murderer Script.html,So I Married an Axe Murderer Script
"/Movie Scripts/Social Network, The Script.html","Social Network, The Script"
/Movie Scripts/Solaris Script.html,Solaris Script
/Movie Scripts/Soldier Script.html,Soldier Script
/Movie Scripts/Someone To Watch Over Me Script.html,Someone To Watch Over Me Script
/Movie Scripts/Something's Gotta Give Script.html,Something's Gotta Give Script
/Movie Scripts/Source Code Script.html,Source Code Script
/Movie Scripts/South Park Script.html,South Park Script
/Movie Scripts/Space Milkshake Script.html,Space Milkshake Script
/Movie Scripts/Spanglish Script.html,Spanglish Script
/Movie Scripts/Spare Me Script.html,Spare Me Script
/Movie Scripts/Spartan Script.html,Spartan Script
/Movie Scripts/Speed Script.html,Speed Script
/Movie Scripts/Speed Racer Script.html,Speed Racer Script
/Movie Scripts/Sphere Script.html,Sphere Script
/Movie Scripts/Spider-Man Script.html,Spider-Man Script
/Movie Scripts/St. Elmo's Fire Script.html,St. Elmo's Fire Script
/Movie Scripts/Star Trek Script.html,Star Trek Script
/Movie Scripts/Star Trek II: The Wrath of Khan Script.html,Star Trek II: The Wrath of Khan Script
/Movie Scripts/Star Trek: First Contact Script.html,Star Trek: First Contact Script
/Movie Scripts/Star Trek: Generations Script.html,Star Trek: Generations Script
/Movie Scripts/Star Trek: Nemesis Script.html,Star Trek: Nemesis Script
/Movie Scripts/Star Trek: The Motion Picture Script.html,Star Trek: The Motion Picture Script
/Movie Scripts/Star Wars: A New Hope Script.html,Star Wars: A New Hope Script
/Movie Scripts/Star Wars: Attack of the Clones Script.html,Star Wars: Attack of the Clones Script
/Movie Scripts/Star Wars: Return of the Jedi Script.html,Star Wars: Return of the Jedi Script
/Movie Scripts/Star Wars: Revenge of the Sith Script.html,Star Wars: Revenge of the Sith Script
/Movie Scripts/Star Wars: The Empire Strikes Back Script.html,Star Wars: The Empire Strikes Back Script
/Movie Scripts/Star Wars: The Force Awakens Script.html,Star Wars: The Force Awakens Script
/Movie Scripts/Star Wars: The Phantom Menace Script.html,Star Wars: The Phantom Menace Script
/Movie Scripts/Starman Script.html,Starman Script
/Movie Scripts/Starship Troopers Script.html,Starship Troopers Script
/Movie Scripts/State and Main Script.html,State and Main Script
/Movie Scripts/Station West Script.html,Station West Script
/Movie Scripts/Stepmom Script.html,Stepmom Script
"/Movie Scripts/Sting, The Script.html","Sting, The Script"
/Movie Scripts/Stir of Echoes Script.html,Stir of Echoes Script
/Movie Scripts/Storytelling Script.html,Storytelling Script
/Movie Scripts/Straight Outta Compton Script.html,Straight Outta Compton Script
/Movie Scripts/Strange Days Script.html,Strange Days Script
/Movie Scripts/Strangers on a Train Script.html,Strangers on a Train Script
"/Movie Scripts/Stuntman, The Script.html","Stuntman, The Script"
/Movie Scripts/Sugar Script.html,Sugar Script
/Movie Scripts/Sugar and Spice Script.html,Sugar and Spice Script
/Movie Scripts/Sunset Blvd. Script.html,Sunset Blvd. Script
/Movie Scripts/Sunshine Cleaning Script.html,Sunshine Cleaning Script
/Movie Scripts/Super 8 Script.html,Super 8 Script
/Movie Scripts/Superbad Script.html,Superbad Script
/Movie Scripts/Superfights Script.html,Superfights Script
/Movie Scripts/Supergirl Script.html,Supergirl Script
"/Movie Scripts/Surfer King, The Script.html","Surfer King, The Script"
/Movie Scripts/Surrogates Script.html,Surrogates Script
/Movie Scripts/Suspect Zero Script.html,Suspect Zero Script
/Movie Scripts/Sweeney Todd: The Demon Barber of Fleet Street Script.html,Sweeney Todd: The Demon Barber of Fleet Street Script
"/Movie Scripts/Sweet Hereafter, The Script.html","Sweet Hereafter, The Script"
/Movie Scripts/Sweet Smell of Success Script.html,Sweet Smell of Success Script
/Movie Scripts/Swingers Script.html,Swingers Script
/Movie Scripts/Swordfish Script.html,Swordfish Script
"/Movie Scripts/Synecdoche, New York Script.html","Synecdoche, New York Script"
/Movie Scripts/Syriana Script.html,Syriana Script
/Movie Scripts/Take Shelter Script.html,Take Shelter Script
/Movie Scripts/Taking Lives Script.html,Taking Lives Script
"/Movie Scripts/Taking of Pelham One Two Three, The Script.html","Taking of Pelham One Two Three, The Script"
/Movie Scripts/Taking Sides Script.html,Taking Sides Script
"/Movie Scripts/Talented Mr. Ripley, The Script.html","Talented Mr. Ripley, The Script"
/Movie Scripts/Tall in the Saddle Script.html,Tall in the Saddle Script
/Movie Scripts/Tamara Drewe Script.html,Tamara Drewe Script
/Movie Scripts/Taxi Driver Script.html,Taxi Driver Script
/Movie Scripts/Ted Script.html,Ted Script
/Movie Scripts/Terminator Script.html,Terminator Script
/Movie Scripts/Terminator 2: Judgement Day Script.html,Terminator 2: Judgement Day Script
/Movie Scripts/Terminator Salvation Script.html,Terminator Salvation Script
/Movie Scripts/The Rage: Carrie 2 Script.html,The Rage: Carrie 2 Script
/Movie Scripts/Thelma %2526 Louise Script.html,Thelma & Louise Script
"/Movie Scripts/Theory of Everything, The Script.html","Theory of Everything, The Script"
/Movie Scripts/There's Something About Mary Script.html,There's Something About Mary Script
/Movie Scripts/They Script.html,They Script
"/Movie Scripts/Thing, The Script.html","Thing, The Script"
"/Movie Scripts/Things My Father Never Taught Me, The Script.html","Things My Father Never Taught Me, The Script"
/Movie Scripts/Thirteen Days Script.html,Thirteen Days Script
/Movie Scripts/This Boy's Life Script.html,This Boy's Life Script
/Movie Scripts/This is 40 Script.html,This is 40 Script
/Movie Scripts/Thor Script.html,Thor Script
/Movie Scripts/Thor Ragnarok Script.html,Thor Ragnarok Script
/Movie Scripts/Three Kings Script.html,Three Kings Script
/Movie Scripts/Three Kings (Spoils of War) Script.html,Three Kings (Spoils of War) Script
/Movie Scripts/Three Men and a Baby Script.html,Three Men and a Baby Script
"/Movie Scripts/Three Musketeers, The Script.html","Three Musketeers, The Script"
/Movie Scripts/Thunderbirds Script.html,Thunderbirds Script
/Movie Scripts/Thunderheart Script.html,Thunderheart Script
/Movie Scripts/Ticker Script.html,Ticker Script
/Movie Scripts/Timber Falls Script.html,Timber Falls Script
"/Movie Scripts/Time Machine, The Script.html","Time Machine, The Script"
/Movie Scripts/Tin Cup Script.html,Tin Cup Script
/Movie Scripts/Tin Men Script.html,Tin Men Script
/Movie Scripts/Tinker Tailor Soldier Spy Script.html,Tinker Tailor Soldier Spy Script
/Movie Scripts/Titanic Script.html,Titanic Script
/Movie Scripts/TMNT Script.html,TMNT Script
/Movie Scripts/To Sleep with Anger Script.html,To Sleep with Anger Script
/Movie Scripts/Tombstone Script.html,Tombstone Script
/Movie Scripts/Tomorrow Never Dies Script.html,Tomorrow Never Dies Script
/Movie Scripts/Top Gun Script.html,Top Gun Script
/Movie Scripts/Total Recall Script.html,Total Recall Script
"/Movie Scripts/Tourist, The Script.html","Tourist, The Script"
/Movie Scripts/Toy Story Script.html,Toy Story Script
/Movie Scripts/Traffic Script.html,Traffic Script
/Movie Scripts/Training Day Script.html,Training Day Script
/Movie Scripts/Trainspotting Script.html,Trainspotting Script
/Movie Scripts/Transformers: The Movie Script.html,Transformers: The Movie Script
/Movie Scripts/Tremors Script.html,Tremors Script
/Movie Scripts/Tristan and Isolde Script.html,Tristan and Isolde Script
/Movie Scripts/TRON Script.html,TRON Script
/Movie Scripts/TRON: Legacy Script.html,TRON: Legacy Script
/Movie Scripts/Tropic Thunder Script.html,Tropic Thunder Script
/Movie Scripts/Troy Script.html,Troy Script
/Movie Scripts/True Grit Script.html,True Grit Script
/Movie Scripts/True Lies Script.html,True Lies Script
/Movie Scripts/True Romance Script.html,True Romance Script
"/Movie Scripts/Truman Show, The Script.html","Truman Show, The Script"
/Movie Scripts/Twilight Script.html,Twilight Script
/Movie Scripts/Twilight: New Moon Script.html,Twilight: New Moon Script
/Movie Scripts/Twin Peaks Script.html,Twin Peaks Script
/Movie Scripts/Twins Script.html,Twins Script
/Movie Scripts/Two For The Money Script.html,Two For The Money Script
/Movie Scripts/U Turn Script.html,U Turn Script
"/Movie Scripts/Ugly Truth, The Script.html","Ugly Truth, The Script"
/Movie Scripts/Un Singe en Hiver Script.html,Un Singe en Hiver Script
/Movie Scripts/Unbreakable Script.html,Unbreakable Script
/Movie Scripts/Under Fire Script.html,Under Fire Script
/Movie Scripts/Unforgiven Script.html,Unforgiven Script
/Movie Scripts/Unknown Script.html,Unknown Script
/Movie Scripts/Up Script.html,Up Script
/Movie Scripts/Up in the Air Script.html,Up in the Air Script
"/Movie Scripts/Usual Suspects, The Script.html","Usual Suspects, The Script"
/Movie Scripts/V for Vendetta Script.html,V for Vendetta Script
/Movie Scripts/Valentine's Day Script.html,Valentine's Day Script
/Movie Scripts/Valkyrie Script.html,Valkyrie Script
/Movie Scripts/Vanilla Sky Script.html,Vanilla Sky Script
"/Movie Scripts/Verdict, The Script.html","Verdict, The Script"
/Movie Scripts/Vertigo Script.html,Vertigo Script
/Movie Scripts/Very Bad Things Script.html,Very Bad Things Script
"/Movie Scripts/Village, The Script.html","Village, The Script"
/Movie Scripts/Virtuosity Script.html,Virtuosity Script
"/Movie Scripts/Visitor, The Script.html","Visitor, The Script"
/Movie Scripts/Wag the Dog Script.html,Wag the Dog Script
"/Movie Scripts/Walk to Remember, A Script.html","Walk to Remember, A Script"
/Movie Scripts/Walking Tall Script.html,Walking Tall Script
/Movie Scripts/Wall Street Script.html,Wall Street Script
/Movie Scripts/Wall Street: Money Never Sleeps Script.html,Wall Street: Money Never Sleeps Script
/Movie Scripts/Wall-E Script.html,Wall-E Script
/Movie Scripts/Wanted Script.html,Wanted Script
/Movie Scripts/War for the Planet of the Apes Script.html,War for the Planet of the Apes Script
/Movie Scripts/War Horse Script.html,War Horse Script
/Movie Scripts/War of the Worlds Script.html,War of the Worlds Script
/Movie Scripts/Warm Springs Script.html,Warm Springs Script
/Movie Scripts/Warrior Script.html,Warrior Script
/Movie Scripts/Watchmen Script.html,Watchmen Script
/Movie Scripts/Water for Elephants Script.html,Water for Elephants Script
"/Movie Scripts/Way Back, The Script.html","Way Back, The Script"
/Movie Scripts/We Own the Night Script.html,We Own the Night Script
/Movie Scripts/What About Bob%3f Script.html,What About Bob? Script
/Movie Scripts/What Lies Beneath Script.html,What Lies Beneath Script
/Movie Scripts/When a Stranger Calls Script.html,When a Stranger Calls Script
/Movie Scripts/When Harry Met Sally Script.html,When Harry Met Sally Script
/Movie Scripts/While She Was Out Script.html,While She Was Out Script
"/Movie Scripts/Whistleblower, The Script.html","Whistleblower, The Script"
/Movie Scripts/White Christmas Script.html,White Christmas Script
/Movie Scripts/White Jazz Script.html,White Jazz Script
"/Movie Scripts/White Ribbon, The Script.html","White Ribbon, The Script"
/Movie Scripts/White Squall Script.html,White Squall Script
/Movie Scripts/Whiteout Script.html,Whiteout Script
/Movie Scripts/Who Framed Roger Rabbit%3f Script.html,Who Framed Roger Rabbit? Script
/Movie Scripts/Who's Your Daddy Script.html,Who's Your Daddy Script
/Movie Scripts/Wild At Heart Script.html,Wild At Heart Script
"/Movie Scripts/Wild Bunch, The Script.html","Wild Bunch, The Script"
/Movie Scripts/Wild Hogs Script.html,Wild Hogs Script
/Movie Scripts/Wild Things Script.html,Wild Things Script
/Movie Scripts/Wild Things: Diamonds in the Rough Script.html,Wild Things: Diamonds in the Rough Script
/Movie Scripts/Wild Wild West Script.html,Wild Wild West Script
/Movie Scripts/Willow Script.html,Willow Script
/Movie Scripts/Win Win Script.html,Win Win Script
/Movie Scripts/Wind Chill Script.html,Wind Chill Script
/Movie Scripts/Withnail and I Script.html,Withnail and I Script
/Movie Scripts/Witness Script.html,Witness Script
"/Movie Scripts/Wizard of Oz, The Script.html","Wizard of Oz, The Script"
"/Movie Scripts/Wolf of Wall Street, The Script.html","Wolf of Wall Street, The Script"
/Movie Scripts/Wonder Boys Script.html,Wonder Boys Script
/Movie Scripts/Wonder Woman Script.html,Wonder Woman Script
"/Movie Scripts/Woodsman, The Script.html","Woodsman, The Script"
"/Movie Scripts/World is not Enough, The Script.html","World is not Enough, The Script"
"/Movie Scripts/Wrestler, The Script.html","Wrestler, The Script"
"/Movie Scripts/X-Files: Fight the Future, The Script.html","X-Files: Fight the Future, The Script"
/Movie Scripts/X-Men Script.html,X-Men Script
/Movie Scripts/X-Men Origins: Wolverine Script.html,X-Men Origins: Wolverine Script
/Movie Scripts/xXx Script.html,xXx Script
/Movie Scripts/Year One Script.html,Year One Script
/Movie Scripts/Yes Man Script.html,Yes Man Script
/Movie Scripts/You Can Count On Me Script.html,You Can Count On Me Script
/Movie Scripts/You've Got Mail Script.html,You've Got Mail Script
/Movie Scripts/Youth in Revolt Script.html,Youth in Revolt Script
/Movie Scripts/Zero Dark Thirty Script.html,Zero Dark Thirty Script
/Movie Scripts/Zerophilia Script.html,Zerophilia Script
/Movie Scripts/Zootopia Script.html,Zootopia Script
